code,province,city,district,originalReason,disposition,identity,geometry,officialSource,osmId
130171,河北省,石家庄市,石家庄高新技术产业开发区,district_missing_or_ambiguous,not_in_official_county_list,,,https://www.mca.gov.cn/mzsj/xzqh/2025/202401xzqh.html,
130172,河北省,石家庄市,石家庄循环化工园区,district_missing_or_ambiguous,not_in_official_county_list,,,https://www.mca.gov.cn/mzsj/xzqh/2025/202401xzqh.html,
130271,河北省,唐山市,河北唐山芦台经济开发区,district_missing_or_ambiguous,not_in_official_county_list,,,https://www.mca.gov.cn/mzsj/xzqh/2025/202401xzqh.html,
130272,河北省,唐山市,唐山市汉沽管理区,district_missing_or_ambiguous,not_in_official_county_list,,,https://www.mca.gov.cn/mzsj/xzqh/2025/202401xzqh.html,
130273,河北省,唐山市,唐山高新技术产业开发区,district_missing_or_ambiguous,not_in_official_county_list,,,https://www.mca.gov.cn/mzsj/xzqh/2025/202401xzqh.html,
130274,河北省,唐山市,河北唐山海港经济开发区,district_missing_or_ambiguous,not_in_official_county_list,,,https://www.mca.gov.cn/mzsj/xzqh/2025/202401xzqh.html,
130284,河北省,唐山市,滦州市,district_missing_or_ambiguous,geometry_candidate,official_identity_match,exact_code_and_source_name,https://www.mca.gov.cn/mzsj/xzqh/2025/202401xzqh.html,r5641374
130371,河北省,秦皇岛市,秦皇岛市经济技术开发区,district_missing_or_ambiguous,not_in_official_county_list,,,https://www.mca.gov.cn/mzsj/xzqh/2025/202401xzqh.html,
130372,河北省,秦皇岛市,北戴河新区,district_missing_or_ambiguous,not_in_official_county_list,,,https://www.mca.gov.cn/mzsj/xzqh/2025/202401xzqh.html,
130403,河北省,邯郸市,丛台区,district_missing_or_ambiguous,geometry_candidate,official_identity_match,exact_code_and_source_name,https://www.mca.gov.cn/mzsj/xzqh/2025/202401xzqh.html,r5674426
130407,河北省,邯郸市,肥乡区,district_missing_or_ambiguous,geometry_candidate,official_identity_match,exact_code_and_source_name,https://www.mca.gov.cn/mzsj/xzqh/2025/202401xzqh.html,r5674422
130471,河北省,邯郸市,邯郸经济技术开发区,district_missing_or_ambiguous,not_in_official_county_list,,,https://www.mca.gov.cn/mzsj/xzqh/2025/202401xzqh.html,
130473,河北省,邯郸市,邯郸冀南新区,district_missing_or_ambiguous,not_in_official_county_list,,,https://www.mca.gov.cn/mzsj/xzqh/2025/202401xzqh.html,
130505,河北省,邢台市,任泽区,district_missing_or_ambiguous,geometry_candidate,official_identity_match,exact_code_and_source_name,https://www.mca.gov.cn/mzsj/xzqh/2025/202401xzqh.html,r5673959
130506,河北省,邢台市,南和区,district_missing_or_ambiguous,geometry_candidate,official_identity_match,exact_code_and_source_name,https://www.mca.gov.cn/mzsj/xzqh/2025/202401xzqh.html,r5673955
130571,河北省,邢台市,河北邢台经济开发区,district_missing_or_ambiguous,not_in_official_county_list,,,https://www.mca.gov.cn/mzsj/xzqh/2025/202401xzqh.html,
130606,河北省,保定市,莲池区,code_name_conflict,geometry_candidate,official_identity_match,exact_code_and_source_name,https://www.mca.gov.cn/mzsj/xzqh/2025/202401xzqh.html,r5674886
130607,河北省,保定市,满城区,code_name_conflict,geometry_candidate,official_identity_match,exact_code_and_source_name,https://www.mca.gov.cn/mzsj/xzqh/2025/202401xzqh.html,r5674887
130608,河北省,保定市,清苑区,district_missing_or_ambiguous,geometry_candidate,official_identity_match,exact_code_and_source_name,https://www.mca.gov.cn/mzsj/xzqh/2025/202401xzqh.html,r5674888
130609,河北省,保定市,徐水区,district_missing_or_ambiguous,geometry_candidate,official_identity_match,exact_code_and_source_name,https://www.mca.gov.cn/mzsj/xzqh/2025/202401xzqh.html,r5674891
130629,河北省,保定市,容城县,district_missing_or_ambiguous,geometry_candidate,official_identity_match,unique_name_and_parent_geometry,https://www.mca.gov.cn/mzsj/xzqh/2025/202401xzqh.html,r4820132
130632,河北省,保定市,安新县,district_missing_or_ambiguous,geometry_candidate,official_identity_match,exact_code_and_source_name,https://www.mca.gov.cn/mzsj/xzqh/2025/202401xzqh.html,r4820114
130638,河北省,保定市,雄县,district_missing_or_ambiguous,geometry_candidate,official_identity_match,exact_code_and_source_name,https://www.mca.gov.cn/mzsj/xzqh/2025/202401xzqh.html,r4820130
130671,河北省,保定市,保定高新技术产业开发区,district_missing_or_ambiguous,not_in_official_county_list,,,https://www.mca.gov.cn/mzsj/xzqh/2025/202401xzqh.html,
130672,河北省,保定市,保定白沟新城,district_missing_or_ambiguous,not_in_official_county_list,,,https://www.mca.gov.cn/mzsj/xzqh/2025/202401xzqh.html,
130708,河北省,张家口市,万全区,district_missing_or_ambiguous,geometry_candidate,official_identity_match,exact_code_and_source_name,https://www.mca.gov.cn/mzsj/xzqh/2025/202401xzqh.html,r3295554
130771,河北省,张家口市,张家口经济开发区,district_missing_or_ambiguous,not_in_official_county_list,,,https://www.mca.gov.cn/mzsj/xzqh/2025/202401xzqh.html,
130772,河北省,张家口市,张家口市察北管理区,district_missing_or_ambiguous,not_in_official_county_list,,,https://www.mca.gov.cn/mzsj/xzqh/2025/202401xzqh.html,
130773,河北省,张家口市,张家口市塞北管理区,district_missing_or_ambiguous,not_in_official_county_list,,,https://www.mca.gov.cn/mzsj/xzqh/2025/202401xzqh.html,
130871,河北省,承德市,承德高新技术产业开发区,district_missing_or_ambiguous,not_in_official_county_list,,,https://www.mca.gov.cn/mzsj/xzqh/2025/202401xzqh.html,
130881,河北省,承德市,平泉市,district_missing_or_ambiguous,geometry_candidate,official_identity_match,exact_code_and_source_name,https://www.mca.gov.cn/mzsj/xzqh/2025/202401xzqh.html,r2144973
130971,河北省,沧州市,河北沧州经济开发区,district_missing_or_ambiguous,not_in_official_county_list,,,https://www.mca.gov.cn/mzsj/xzqh/2025/202401xzqh.html,
130972,河北省,沧州市,沧州高新技术产业开发区,district_missing_or_ambiguous,not_in_official_county_list,,,https://www.mca.gov.cn/mzsj/xzqh/2025/202401xzqh.html,
130973,河北省,沧州市,沧州渤海新区,district_missing_or_ambiguous,not_in_official_county_list,,,https://www.mca.gov.cn/mzsj/xzqh/2025/202401xzqh.html,
131071,河北省,廊坊市,廊坊经济技术开发区,district_missing_or_ambiguous,not_in_official_county_list,,,https://www.mca.gov.cn/mzsj/xzqh/2025/202401xzqh.html,
131103,河北省,衡水市,冀州区,district_missing_or_ambiguous,geometry_candidate,official_identity_match,exact_code_and_source_name,https://www.mca.gov.cn/mzsj/xzqh/2025/202401xzqh.html,r5681101
131171,河北省,衡水市,河北衡水高新技术产业开发区,district_missing_or_ambiguous,not_in_official_county_list,,,https://www.mca.gov.cn/mzsj/xzqh/2025/202401xzqh.html,
131172,河北省,衡水市,衡水滨湖新区,district_missing_or_ambiguous,not_in_official_county_list,,,https://www.mca.gov.cn/mzsj/xzqh/2025/202401xzqh.html,
140171,山西省,太原市,山西转型综合改革示范区,district_missing_or_ambiguous,not_in_official_county_list,,,https://www.mca.gov.cn/mzsj/xzqh/2025/202401xzqh.html,
140215,山西省,大同市,云州区,district_missing_or_ambiguous,geometry_candidate,official_identity_match,exact_code_and_source_name,https://www.mca.gov.cn/mzsj/xzqh/2025/202401xzqh.html,r3230499
140271,山西省,大同市,山西大同经济开发区,district_missing_or_ambiguous,not_in_official_county_list,,,https://www.mca.gov.cn/mzsj/xzqh/2025/202401xzqh.html,
140403,山西省,长治市,潞州区,district_missing_or_ambiguous,geometry_candidate,official_identity_match,exact_code_and_source_name,https://www.mca.gov.cn/mzsj/xzqh/2025/202401xzqh.html,r2963906
140404,山西省,长治市,上党区,district_missing_or_ambiguous,geometry_candidate,official_identity_match,exact_code_and_source_name,https://www.mca.gov.cn/mzsj/xzqh/2025/202401xzqh.html,r2963903
140406,山西省,长治市,潞城区,district_missing_or_ambiguous,geometry_candidate,official_identity_match,exact_code_and_source_name,https://www.mca.gov.cn/mzsj/xzqh/2025/202401xzqh.html,r2963908
140671,山西省,朔州市,山西朔州经济开发区,district_missing_or_ambiguous,not_in_official_county_list,,,https://www.mca.gov.cn/mzsj/xzqh/2025/202401xzqh.html,
140703,山西省,晋中市,太谷区,district_missing_or_ambiguous,geometry_candidate,official_identity_match,exact_code_and_source_name,https://www.mca.gov.cn/mzsj/xzqh/2025/202401xzqh.html,r3441292
140971,山西省,忻州市,五台山风景名胜区,district_missing_or_ambiguous,not_in_official_county_list,,,https://www.mca.gov.cn/mzsj/xzqh/2025/202401xzqh.html,
150172,内蒙古自治区,呼和浩特市,呼和浩特经济技术开发区,district_missing_or_ambiguous,not_in_official_county_list,,,https://www.mca.gov.cn/mzsj/xzqh/2025/202401xzqh.html,
150271,内蒙古自治区,包头市,包头稀土高新技术产业开发区,district_missing_or_ambiguous,not_in_official_county_list,,,https://www.mca.gov.cn/mzsj/xzqh/2025/202401xzqh.html,
150571,内蒙古自治区,通辽市,通辽经济技术开发区,district_missing_or_ambiguous,not_in_official_county_list,,,https://www.mca.gov.cn/mzsj/xzqh/2025/202401xzqh.html,
150824,内蒙古自治区,巴彦淖尔市,乌拉特中旗,code_name_conflict,geometry_candidate,official_identity_match,exact_code_and_source_name,https://www.mca.gov.cn/mzsj/xzqh/2025/202401xzqh.html,r2752810
150825,内蒙古自治区,巴彦淖尔市,乌拉特后旗,code_name_conflict,geometry_candidate,official_identity_match,exact_code_and_source_name,https://www.mca.gov.cn/mzsj/xzqh/2025/202401xzqh.html,r2752811
152523,内蒙古自治区,锡林郭勒盟,苏尼特左旗,code_name_conflict,geometry_candidate,official_identity_match,exact_code_and_source_name,https://www.mca.gov.cn/mzsj/xzqh/2025/202401xzqh.html,r2753024
152524,内蒙古自治区,锡林郭勒盟,苏尼特右旗,code_name_conflict,geometry_candidate,official_identity_match,exact_code_and_source_name,https://www.mca.gov.cn/mzsj/xzqh/2025/202401xzqh.html,r2753025
152528,内蒙古自治区,锡林郭勒盟,镶黄旗,code_name_conflict,geometry_candidate,official_identity_match,exact_code_and_source_name,https://www.mca.gov.cn/mzsj/xzqh/2025/202401xzqh.html,r2753018
152571,内蒙古自治区,锡林郭勒盟,乌拉盖管理区管委会,district_missing_or_ambiguous,not_in_official_county_list,,,https://www.mca.gov.cn/mzsj/xzqh/2025/202401xzqh.html,
152971,内蒙古自治区,阿拉善盟,内蒙古阿拉善高新技术产业开发区,district_missing_or_ambiguous,not_in_official_county_list,,,https://www.mca.gov.cn/mzsj/xzqh/2025/202401xzqh.html,
210115,辽宁省,沈阳市,辽中区,district_missing_or_ambiguous,geometry_candidate,official_identity_match,exact_code_and_source_name,https://www.mca.gov.cn/mzsj/xzqh/2025/202401xzqh.html,r2769599
211104,辽宁省,盘锦市,大洼区,district_missing_or_ambiguous,geometry_candidate,official_identity_match,exact_code_and_source_name,https://www.mca.gov.cn/mzsj/xzqh/2025/202401xzqh.html,r2771967
220171,吉林省,长春市,长春经济技术开发区,district_missing_or_ambiguous,not_in_official_county_list,,,https://www.mca.gov.cn/mzsj/xzqh/2025/202401xzqh.html,
220172,吉林省,长春市,长春净月高新技术产业开发区,district_missing_or_ambiguous,not_in_official_county_list,,,https://www.mca.gov.cn/mzsj/xzqh/2025/202401xzqh.html,
220173,吉林省,长春市,长春高新技术产业开发区,district_missing_or_ambiguous,not_in_official_county_list,,,https://www.mca.gov.cn/mzsj/xzqh/2025/202401xzqh.html,
220174,吉林省,长春市,长春汽车经济技术开发区,district_missing_or_ambiguous,not_in_official_county_list,,,https://www.mca.gov.cn/mzsj/xzqh/2025/202401xzqh.html,
220271,吉林省,吉林市,吉林经济开发区,district_missing_or_ambiguous,not_in_official_county_list,,,https://www.mca.gov.cn/mzsj/xzqh/2025/202401xzqh.html,
220272,吉林省,吉林市,吉林高新技术产业开发区,district_missing_or_ambiguous,not_in_official_county_list,,,https://www.mca.gov.cn/mzsj/xzqh/2025/202401xzqh.html,
220273,吉林省,吉林市,吉林中国新加坡食品区,district_missing_or_ambiguous,not_in_official_county_list,,,https://www.mca.gov.cn/mzsj/xzqh/2025/202401xzqh.html,
220771,吉林省,松原市,吉林松原经济开发区,district_missing_or_ambiguous,not_in_official_county_list,,,https://www.mca.gov.cn/mzsj/xzqh/2025/202401xzqh.html,
220871,吉林省,白城市,吉林白城经济开发区,district_missing_or_ambiguous,not_in_official_county_list,,,https://www.mca.gov.cn/mzsj/xzqh/2025/202401xzqh.html,
230382,黑龙江省,鸡西市,密山市,district_missing_or_ambiguous,geometry_candidate,official_identity_match,exact_code_and_source_name,https://www.mca.gov.cn/mzsj/xzqh/2025/202401xzqh.html,r2757021
230671,黑龙江省,大庆市,大庆高新技术产业开发区,district_missing_or_ambiguous,not_in_official_county_list,,,https://www.mca.gov.cn/mzsj/xzqh/2025/202401xzqh.html,
230902,黑龙江省,七台河市,新兴区,district_missing_or_ambiguous,geometry_candidate,official_identity_match,exact_code_and_source_name,https://www.mca.gov.cn/mzsj/xzqh/2025/202401xzqh.html,r9470602
230903,黑龙江省,七台河市,桃山区,district_missing_or_ambiguous,geometry_candidate,official_identity_match,exact_code_and_source_name,https://www.mca.gov.cn/mzsj/xzqh/2025/202401xzqh.html,r9470601
230921,黑龙江省,七台河市,勃利县,code_name_conflict,geometry_candidate,official_identity_match,exact_code_and_source_name,https://www.mca.gov.cn/mzsj/xzqh/2025/202401xzqh.html,r2757079
231283,黑龙江省,绥化市,海伦市,district_missing_or_ambiguous,geometry_candidate,official_identity_match,exact_code_and_source_name,https://www.mca.gov.cn/mzsj/xzqh/2025/202401xzqh.html,r2755368
320371,江苏省,徐州市,徐州经济技术开发区,district_missing_or_ambiguous,not_in_official_county_list,,,https://www.mca.gov.cn/mzsj/xzqh/2025/202401xzqh.html,
320613,江苏省,南通市,崇川区,district_missing_or_ambiguous,geometry_candidate,official_identity_match,exact_code_and_source_name,https://www.mca.gov.cn/mzsj/xzqh/2025/202401xzqh.html,r5670633
320671,江苏省,南通市,南通经济技术开发区,district_missing_or_ambiguous,not_in_official_county_list,,,https://www.mca.gov.cn/mzsj/xzqh/2025/202401xzqh.html,
320771,江苏省,连云港市,连云港经济技术开发区,district_missing_or_ambiguous,not_in_official_county_list,,,https://www.mca.gov.cn/mzsj/xzqh/2025/202401xzqh.html,
320871,江苏省,淮安市,淮安经济技术开发区,district_missing_or_ambiguous,not_in_official_county_list,,,https://www.mca.gov.cn/mzsj/xzqh/2025/202401xzqh.html,
320904,江苏省,盐城市,大丰区,district_missing_or_ambiguous,geometry_candidate,official_identity_match,exact_code_and_source_name,https://www.mca.gov.cn/mzsj/xzqh/2025/202401xzqh.html,r4738920
320971,江苏省,盐城市,盐城经济技术开发区,district_missing_or_ambiguous,not_in_official_county_list,,,https://www.mca.gov.cn/mzsj/xzqh/2025/202401xzqh.html,
321071,江苏省,扬州市,扬州经济技术开发区,district_missing_or_ambiguous,not_in_official_county_list,,,https://www.mca.gov.cn/mzsj/xzqh/2025/202401xzqh.html,
321171,江苏省,镇江市,镇江新区,district_missing_or_ambiguous,not_in_official_county_list,,,https://www.mca.gov.cn/mzsj/xzqh/2025/202401xzqh.html,
321371,江苏省,宿迁市,宿迁经济技术开发区,district_missing_or_ambiguous,not_in_official_county_list,,,https://www.mca.gov.cn/mzsj/xzqh/2025/202401xzqh.html,
330110,浙江省,杭州市,余杭区,code_name_conflict,geometry_candidate,official_identity_match,exact_code_and_source_name,https://www.mca.gov.cn/mzsj/xzqh/2025/202401xzqh.html,r12555971
330113,浙江省,杭州市,临平区,district_missing_or_ambiguous,geometry_candidate,official_identity_match,exact_code_and_source_name,https://www.mca.gov.cn/mzsj/xzqh/2025/202401xzqh.html,r3221184
340176,安徽省,合肥市,合肥高新技术产业开发区,district_missing_or_ambiguous,not_in_official_county_list,,,https://www.mca.gov.cn/mzsj/xzqh/2025/202401xzqh.html,
340177,安徽省,合肥市,合肥经济技术开发区,district_missing_or_ambiguous,not_in_official_county_list,,,https://www.mca.gov.cn/mzsj/xzqh/2025/202401xzqh.html,
340178,安徽省,合肥市,合肥新站高新技术产业开发区,district_missing_or_ambiguous,not_in_official_county_list,,,https://www.mca.gov.cn/mzsj/xzqh/2025/202401xzqh.html,
340209,安徽省,芜湖市,弋江区,district_missing_or_ambiguous,geometry_candidate,official_identity_match,exact_code_and_source_name,https://www.mca.gov.cn/mzsj/xzqh/2025/202401xzqh.html,r3262035
340210,安徽省,芜湖市,湾沚区,district_missing_or_ambiguous,geometry_candidate,official_identity_match,exact_code_and_source_name,https://www.mca.gov.cn/mzsj/xzqh/2025/202401xzqh.html,r3262033
340212,安徽省,芜湖市,繁昌区,district_missing_or_ambiguous,geometry_candidate,official_identity_match,exact_code_and_source_name,https://www.mca.gov.cn/mzsj/xzqh/2025/202401xzqh.html,r3262028
340271,安徽省,芜湖市,芜湖经济技术开发区,district_missing_or_ambiguous,not_in_official_county_list,,,https://www.mca.gov.cn/mzsj/xzqh/2025/202401xzqh.html,
340272,安徽省,芜湖市,安徽芜湖三山经济开发区,district_missing_or_ambiguous,not_in_official_county_list,,,https://www.mca.gov.cn/mzsj/xzqh/2025/202401xzqh.html,
340371,安徽省,蚌埠市,蚌埠市高新技术开发区,district_missing_or_ambiguous,not_in_official_county_list,,,https://www.mca.gov.cn/mzsj/xzqh/2025/202401xzqh.html,
340372,安徽省,蚌埠市,蚌埠市经济开发区,district_missing_or_ambiguous,not_in_official_county_list,,,https://www.mca.gov.cn/mzsj/xzqh/2025/202401xzqh.html,
340871,安徽省,安庆市,安徽安庆经济开发区,district_missing_or_ambiguous,not_in_official_county_list,,,https://www.mca.gov.cn/mzsj/xzqh/2025/202401xzqh.html,
341171,安徽省,滁州市,中新苏滁高新技术产业开发区,district_missing_or_ambiguous,not_in_official_county_list,,,https://www.mca.gov.cn/mzsj/xzqh/2025/202401xzqh.html,
341172,安徽省,滁州市,滁州经济技术开发区,district_missing_or_ambiguous,not_in_official_county_list,,,https://www.mca.gov.cn/mzsj/xzqh/2025/202401xzqh.html,
341271,安徽省,阜阳市,阜阳合肥现代产业园区,district_missing_or_ambiguous,not_in_official_county_list,,,https://www.mca.gov.cn/mzsj/xzqh/2025/202401xzqh.html,
341272,安徽省,阜阳市,阜阳经济技术开发区,district_missing_or_ambiguous,not_in_official_county_list,,,https://www.mca.gov.cn/mzsj/xzqh/2025/202401xzqh.html,
341371,安徽省,宿州市,宿州马鞍山现代产业园区,district_missing_or_ambiguous,not_in_official_county_list,,,https://www.mca.gov.cn/mzsj/xzqh/2025/202401xzqh.html,
341372,安徽省,宿州市,宿州经济技术开发区,district_missing_or_ambiguous,not_in_official_county_list,,,https://www.mca.gov.cn/mzsj/xzqh/2025/202401xzqh.html,
341871,安徽省,宣城市,宣城市经济开发区,district_missing_or_ambiguous,not_in_official_county_list,,,https://www.mca.gov.cn/mzsj/xzqh/2025/202401xzqh.html,
350404,福建省,三明市,三元区,district_missing_or_ambiguous,geometry_candidate,official_identity_match,exact_code_and_source_name,https://www.mca.gov.cn/mzsj/xzqh/2025/202401xzqh.html,r3181474
350405,福建省,三明市,沙县区,district_missing_or_ambiguous,geometry_candidate,official_identity_match,exact_code_and_source_name,https://www.mca.gov.cn/mzsj/xzqh/2025/202401xzqh.html,r3181475
350527,福建省,泉州市,金门县,district_missing_or_ambiguous,service_unavailable,official_identity_match,not_required_service_unavailable,https://www.mca.gov.cn/mzsj/xzqh/2025/202401xzqh.html,
350604,福建省,漳州市,龙海区,district_missing_or_ambiguous,geometry_candidate,official_identity_match,exact_code_and_source_name,https://www.mca.gov.cn/mzsj/xzqh/2025/202401xzqh.html,r3242114
370176,山东省,济南市,济南高新技术产业开发区,district_missing_or_ambiguous,not_in_official_county_list,,,https://www.mca.gov.cn/mzsj/xzqh/2025/202401xzqh.html,
370215,山东省,青岛市,即墨区,district_missing_or_ambiguous,geometry_candidate,official_identity_match,exact_code_and_source_name,https://www.mca.gov.cn/mzsj/xzqh/2025/202401xzqh.html,r5655231
370505,山东省,东营市,垦利区,district_missing_or_ambiguous,geometry_candidate,official_identity_match,exact_code_and_source_name,https://www.mca.gov.cn/mzsj/xzqh/2025/202401xzqh.html,r5678410
370571,山东省,东营市,东营经济技术开发区,district_missing_or_ambiguous,not_in_official_county_list,,,https://www.mca.gov.cn/mzsj/xzqh/2025/202401xzqh.html,
370572,山东省,东营市,东营港经济开发区,district_missing_or_ambiguous,not_in_official_county_list,,,https://www.mca.gov.cn/mzsj/xzqh/2025/202401xzqh.html,
370671,山东省,烟台市,烟台高新技术产业开发区,district_missing_or_ambiguous,not_in_official_county_list,,,https://www.mca.gov.cn/mzsj/xzqh/2025/202401xzqh.html,
370676,山东省,烟台市,烟台经济技术开发区,district_missing_or_ambiguous,not_in_official_county_list,,,https://www.mca.gov.cn/mzsj/xzqh/2025/202401xzqh.html,
370772,山东省,潍坊市,潍坊滨海经济技术开发区,district_missing_or_ambiguous,not_in_official_county_list,,,https://www.mca.gov.cn/mzsj/xzqh/2025/202401xzqh.html,
370871,山东省,济宁市,济宁高新技术产业开发区,district_missing_or_ambiguous,not_in_official_county_list,,,https://www.mca.gov.cn/mzsj/xzqh/2025/202401xzqh.html,
370911,山东省,泰安市,岱岳区,district_missing_or_ambiguous,geometry_candidate,official_identity_match,exact_code_and_source_name,https://www.mca.gov.cn/mzsj/xzqh/2025/202401xzqh.html,r5676296
371003,山东省,威海市,文登区,district_missing_or_ambiguous,geometry_candidate,official_identity_match,exact_code_and_source_name,https://www.mca.gov.cn/mzsj/xzqh/2025/202401xzqh.html,r5652862
371071,山东省,威海市,威海火炬高技术产业开发区,district_missing_or_ambiguous,not_in_official_county_list,,,https://www.mca.gov.cn/mzsj/xzqh/2025/202401xzqh.html,
371072,山东省,威海市,威海经济技术开发区,district_missing_or_ambiguous,not_in_official_county_list,,,https://www.mca.gov.cn/mzsj/xzqh/2025/202401xzqh.html,
371073,山东省,威海市,威海临港经济技术开发区,district_missing_or_ambiguous,not_in_official_county_list,,,https://www.mca.gov.cn/mzsj/xzqh/2025/202401xzqh.html,
371171,山东省,日照市,日照经济技术开发区,district_missing_or_ambiguous,not_in_official_county_list,,,https://www.mca.gov.cn/mzsj/xzqh/2025/202401xzqh.html,
371371,山东省,临沂市,临沂高新技术产业开发区,district_missing_or_ambiguous,not_in_official_county_list,,,https://www.mca.gov.cn/mzsj/xzqh/2025/202401xzqh.html,
371471,山东省,德州市,德州天衢新区,district_missing_or_ambiguous,not_in_official_county_list,,,https://www.mca.gov.cn/mzsj/xzqh/2025/202401xzqh.html,
371503,山东省,聊城市,茌平区,district_missing_or_ambiguous,geometry_candidate,official_identity_match,exact_code_and_source_name,https://www.mca.gov.cn/mzsj/xzqh/2025/202401xzqh.html,r5675848
371681,山东省,滨州市,邹平市,district_missing_or_ambiguous,geometry_candidate,official_identity_match,exact_code_and_source_name,https://www.mca.gov.cn/mzsj/xzqh/2025/202401xzqh.html,r4434114
371771,山东省,菏泽市,菏泽经济技术开发区,district_missing_or_ambiguous,not_in_official_county_list,,,https://www.mca.gov.cn/mzsj/xzqh/2025/202401xzqh.html,
371772,山东省,菏泽市,菏泽高新技术开发区,district_missing_or_ambiguous,not_in_official_county_list,,,https://www.mca.gov.cn/mzsj/xzqh/2025/202401xzqh.html,
410171,河南省,郑州市,郑州经济技术开发区,district_missing_or_ambiguous,not_in_official_county_list,,,https://www.mca.gov.cn/mzsj/xzqh/2025/202401xzqh.html,
410172,河南省,郑州市,郑州高新技术产业开发区,district_missing_or_ambiguous,not_in_official_county_list,,,https://www.mca.gov.cn/mzsj/xzqh/2025/202401xzqh.html,
410173,河南省,郑州市,郑州航空港经济综合实验区,district_missing_or_ambiguous,not_in_official_county_list,,,https://www.mca.gov.cn/mzsj/xzqh/2025/202401xzqh.html,
410307,河南省,洛阳市,偃师区,district_missing_or_ambiguous,geometry_candidate,official_identity_match,exact_code_and_source_name,https://www.mca.gov.cn/mzsj/xzqh/2025/202401xzqh.html,r3246488
410328,河南省,洛阳市,洛宁县,district_missing_or_ambiguous,geometry_candidate,official_identity_match,exact_code_and_source_name,https://www.mca.gov.cn/mzsj/xzqh/2025/202401xzqh.html,r3246483
410371,河南省,洛阳市,洛阳高新技术产业开发区,district_missing_or_ambiguous,not_in_official_county_list,,,https://www.mca.gov.cn/mzsj/xzqh/2025/202401xzqh.html,
410471,河南省,平顶山市,平顶山高新技术产业开发区,district_missing_or_ambiguous,not_in_official_county_list,,,https://www.mca.gov.cn/mzsj/xzqh/2025/202401xzqh.html,
410472,河南省,平顶山市,平顶山市城乡一体化示范区,district_missing_or_ambiguous,not_in_official_county_list,,,https://www.mca.gov.cn/mzsj/xzqh/2025/202401xzqh.html,
410571,河南省,安阳市,安阳高新技术产业开发区,district_missing_or_ambiguous,not_in_official_county_list,,,https://www.mca.gov.cn/mzsj/xzqh/2025/202401xzqh.html,
410671,河南省,鹤壁市,鹤壁经济技术开发区,district_missing_or_ambiguous,not_in_official_county_list,,,https://www.mca.gov.cn/mzsj/xzqh/2025/202401xzqh.html,
410771,河南省,新乡市,新乡高新技术产业开发区,district_missing_or_ambiguous,not_in_official_county_list,,,https://www.mca.gov.cn/mzsj/xzqh/2025/202401xzqh.html,
410772,河南省,新乡市,新乡经济技术开发区,district_missing_or_ambiguous,not_in_official_county_list,,,https://www.mca.gov.cn/mzsj/xzqh/2025/202401xzqh.html,
410773,河南省,新乡市,新乡市平原城乡一体化示范区,district_missing_or_ambiguous,not_in_official_county_list,,,https://www.mca.gov.cn/mzsj/xzqh/2025/202401xzqh.html,
410871,河南省,焦作市,焦作城乡一体化示范区,district_missing_or_ambiguous,not_in_official_county_list,,,https://www.mca.gov.cn/mzsj/xzqh/2025/202401xzqh.html,
410971,河南省,濮阳市,河南濮阳工业园区,district_missing_or_ambiguous,not_in_official_county_list,,,https://www.mca.gov.cn/mzsj/xzqh/2025/202401xzqh.html,
410972,河南省,濮阳市,濮阳经济技术开发区,district_missing_or_ambiguous,not_in_official_county_list,,,https://www.mca.gov.cn/mzsj/xzqh/2025/202401xzqh.html,
411071,河南省,许昌市,许昌经济技术开发区,district_missing_or_ambiguous,not_in_official_county_list,,,https://www.mca.gov.cn/mzsj/xzqh/2025/202401xzqh.html,
411171,河南省,漯河市,漯河经济技术开发区,district_missing_or_ambiguous,not_in_official_county_list,,,https://www.mca.gov.cn/mzsj/xzqh/2025/202401xzqh.html,
411271,河南省,三门峡市,河南三门峡经济开发区,district_missing_or_ambiguous,not_in_official_county_list,,,https://www.mca.gov.cn/mzsj/xzqh/2025/202401xzqh.html,
411371,河南省,南阳市,南阳高新技术产业开发区,district_missing_or_ambiguous,not_in_official_county_list,,,https://www.mca.gov.cn/mzsj/xzqh/2025/202401xzqh.html,
411372,河南省,南阳市,南阳市城乡一体化示范区,district_missing_or_ambiguous,not_in_official_county_list,,,https://www.mca.gov.cn/mzsj/xzqh/2025/202401xzqh.html,
411471,河南省,商丘市,豫东综合物流产业聚集区,district_missing_or_ambiguous,not_in_official_county_list,,,https://www.mca.gov.cn/mzsj/xzqh/2025/202401xzqh.html,
411472,河南省,商丘市,河南商丘经济开发区,district_missing_or_ambiguous,not_in_official_county_list,,,https://www.mca.gov.cn/mzsj/xzqh/2025/202401xzqh.html,
411571,河南省,信阳市,信阳高新技术产业开发区,district_missing_or_ambiguous,not_in_official_county_list,,,https://www.mca.gov.cn/mzsj/xzqh/2025/202401xzqh.html,
411671,河南省,周口市,周口临港开发区,district_missing_or_ambiguous,not_in_official_county_list,,,https://www.mca.gov.cn/mzsj/xzqh/2025/202401xzqh.html,
411771,河南省,驻马店市,河南驻马店经济开发区,district_missing_or_ambiguous,not_in_official_county_list,,,https://www.mca.gov.cn/mzsj/xzqh/2025/202401xzqh.html,
419001,河南省,省直辖县级行政区划,济源市,city_geometry_unavailable,geometry_candidate,official_identity_match,exact_code_and_source_name,https://www.mca.gov.cn/mzsj/xzqh/2025/202401xzqh.html,r3010773
420113,湖北省,武汉市,汉南区,code_name_conflict,geometry_candidate,official_identity_match,exact_code_and_source_name,https://www.mca.gov.cn/mzsj/xzqh/2025/202401xzqh.html,r3076294
421071,湖北省,荆州市,荆州经济技术开发区,district_missing_or_ambiguous,not_in_official_county_list,,,https://www.mca.gov.cn/mzsj/xzqh/2025/202401xzqh.html,
421088,湖北省,荆州市,监利市,district_missing_or_ambiguous,geometry_candidate,official_identity_match,exact_code_and_source_name,https://www.mca.gov.cn/mzsj/xzqh/2025/202401xzqh.html,r2709808
421171,湖北省,黄冈市,龙感湖管理区,district_missing_or_ambiguous,not_in_official_county_list,,,https://www.mca.gov.cn/mzsj/xzqh/2025/202401xzqh.html,
429004,湖北省,省直辖县级行政区划,仙桃市,city_geometry_unavailable,geometry_candidate,official_identity_match,exact_code_and_source_name,https://www.mca.gov.cn/mzsj/xzqh/2025/202401xzqh.html,r3258834
429005,湖北省,省直辖县级行政区划,潜江市,city_geometry_unavailable,geometry_candidate,official_identity_match,exact_code_and_source_name,https://www.mca.gov.cn/mzsj/xzqh/2025/202401xzqh.html,r3258831
429006,湖北省,省直辖县级行政区划,天门市,city_geometry_unavailable,geometry_candidate,official_identity_match,exact_code_and_source_name,https://www.mca.gov.cn/mzsj/xzqh/2025/202401xzqh.html,r3258833
429021,湖北省,省直辖县级行政区划,神农架林区,city_geometry_unavailable,geometry_candidate,official_identity_match,exact_code_and_source_name,https://www.mca.gov.cn/mzsj/xzqh/2025/202401xzqh.html,r2984052
430103,湖南省,长沙市,天心区,code_name_conflict,geometry_candidate,official_identity_match,exact_code_and_source_name,https://www.mca.gov.cn/mzsj/xzqh/2025/202401xzqh.html,r3202707
430121,湖南省,长沙市,长沙县,district_missing_or_ambiguous,geometry_candidate,official_identity_match,exact_code_and_source_name,https://www.mca.gov.cn/mzsj/xzqh/2025/202401xzqh.html,r3202703
430371,湖南省,湘潭市,湖南湘潭高新技术产业园区,district_missing_or_ambiguous,not_in_official_county_list,,,https://www.mca.gov.cn/mzsj/xzqh/2025/202401xzqh.html,
430372,湖南省,湘潭市,湘潭昭山示范区,district_missing_or_ambiguous,not_in_official_county_list,,,https://www.mca.gov.cn/mzsj/xzqh/2025/202401xzqh.html,
430373,湖南省,湘潭市,湘潭九华示范区,district_missing_or_ambiguous,not_in_official_county_list,,,https://www.mca.gov.cn/mzsj/xzqh/2025/202401xzqh.html,
430473,湖南省,衡阳市,湖南衡阳松木经济开发区,district_missing_or_ambiguous,not_in_official_county_list,,,https://www.mca.gov.cn/mzsj/xzqh/2025/202401xzqh.html,
430476,湖南省,衡阳市,湖南衡阳高新技术产业园区,district_missing_or_ambiguous,not_in_official_county_list,,,https://www.mca.gov.cn/mzsj/xzqh/2025/202401xzqh.html,
430582,湖南省,邵阳市,邵东市,district_missing_or_ambiguous,geometry_candidate,official_identity_match,exact_code_and_source_name,https://www.mca.gov.cn/mzsj/xzqh/2025/202401xzqh.html,r3070613
430671,湖南省,岳阳市,岳阳市屈原管理区,district_missing_or_ambiguous,not_in_official_county_list,,,https://www.mca.gov.cn/mzsj/xzqh/2025/202401xzqh.html,
430771,湖南省,常德市,常德市西洞庭管理区,district_missing_or_ambiguous,not_in_official_county_list,,,https://www.mca.gov.cn/mzsj/xzqh/2025/202401xzqh.html,
430971,湖南省,益阳市,益阳市大通湖管理区,district_missing_or_ambiguous,not_in_official_county_list,,,https://www.mca.gov.cn/mzsj/xzqh/2025/202401xzqh.html,
430972,湖南省,益阳市,湖南益阳高新技术产业园区,district_missing_or_ambiguous,not_in_official_county_list,,,https://www.mca.gov.cn/mzsj/xzqh/2025/202401xzqh.html,
431171,湖南省,永州市,永州经济技术开发区,district_missing_or_ambiguous,not_in_official_county_list,,,https://www.mca.gov.cn/mzsj/xzqh/2025/202401xzqh.html,
431173,湖南省,永州市,永州市回龙圩管理区,district_missing_or_ambiguous,not_in_official_county_list,,,https://www.mca.gov.cn/mzsj/xzqh/2025/202401xzqh.html,
431181,湖南省,永州市,祁阳市,district_missing_or_ambiguous,geometry_candidate,official_identity_match,exact_code_and_source_name,https://www.mca.gov.cn/mzsj/xzqh/2025/202401xzqh.html,r3149857
431271,湖南省,怀化市,怀化市洪江管理区,district_missing_or_ambiguous,not_in_official_county_list,,,https://www.mca.gov.cn/mzsj/xzqh/2025/202401xzqh.html,
441900003,广东省,东莞市,东城街道,district_missing_or_ambiguous,not_in_official_county_list,,,https://www.mca.gov.cn/mzsj/xzqh/2025/202401xzqh.html,
441900004,广东省,东莞市,南城街道,district_missing_or_ambiguous,not_in_official_county_list,,,https://www.mca.gov.cn/mzsj/xzqh/2025/202401xzqh.html,
441900005,广东省,东莞市,万江街道,district_missing_or_ambiguous,not_in_official_county_list,,,https://www.mca.gov.cn/mzsj/xzqh/2025/202401xzqh.html,
441900006,广东省,东莞市,莞城街道,district_missing_or_ambiguous,not_in_official_county_list,,,https://www.mca.gov.cn/mzsj/xzqh/2025/202401xzqh.html,
441900101,广东省,东莞市,石碣镇,district_missing_or_ambiguous,not_in_official_county_list,,,https://www.mca.gov.cn/mzsj/xzqh/2025/202401xzqh.html,
441900102,广东省,东莞市,石龙镇,district_missing_or_ambiguous,not_in_official_county_list,,,https://www.mca.gov.cn/mzsj/xzqh/2025/202401xzqh.html,
441900103,广东省,东莞市,茶山镇,district_missing_or_ambiguous,not_in_official_county_list,,,https://www.mca.gov.cn/mzsj/xzqh/2025/202401xzqh.html,
441900104,广东省,东莞市,石排镇,district_missing_or_ambiguous,not_in_official_county_list,,,https://www.mca.gov.cn/mzsj/xzqh/2025/202401xzqh.html,
441900105,广东省,东莞市,企石镇,district_missing_or_ambiguous,not_in_official_county_list,,,https://www.mca.gov.cn/mzsj/xzqh/2025/202401xzqh.html,
441900106,广东省,东莞市,横沥镇,district_missing_or_ambiguous,not_in_official_county_list,,,https://www.mca.gov.cn/mzsj/xzqh/2025/202401xzqh.html,
441900107,广东省,东莞市,桥头镇,district_missing_or_ambiguous,not_in_official_county_list,,,https://www.mca.gov.cn/mzsj/xzqh/2025/202401xzqh.html,
441900108,广东省,东莞市,谢岗镇,district_missing_or_ambiguous,not_in_official_county_list,,,https://www.mca.gov.cn/mzsj/xzqh/2025/202401xzqh.html,
441900109,广东省,东莞市,东坑镇,district_missing_or_ambiguous,not_in_official_county_list,,,https://www.mca.gov.cn/mzsj/xzqh/2025/202401xzqh.html,
441900110,广东省,东莞市,常平镇,district_missing_or_ambiguous,not_in_official_county_list,,,https://www.mca.gov.cn/mzsj/xzqh/2025/202401xzqh.html,
441900111,广东省,东莞市,寮步镇,district_missing_or_ambiguous,not_in_official_county_list,,,https://www.mca.gov.cn/mzsj/xzqh/2025/202401xzqh.html,
441900112,广东省,东莞市,樟木头镇,district_missing_or_ambiguous,not_in_official_county_list,,,https://www.mca.gov.cn/mzsj/xzqh/2025/202401xzqh.html,
441900113,广东省,东莞市,大朗镇,district_missing_or_ambiguous,not_in_official_county_list,,,https://www.mca.gov.cn/mzsj/xzqh/2025/202401xzqh.html,
441900114,广东省,东莞市,黄江镇,district_missing_or_ambiguous,not_in_official_county_list,,,https://www.mca.gov.cn/mzsj/xzqh/2025/202401xzqh.html,
441900115,广东省,东莞市,清溪镇,district_missing_or_ambiguous,not_in_official_county_list,,,https://www.mca.gov.cn/mzsj/xzqh/2025/202401xzqh.html,
441900116,广东省,东莞市,塘厦镇,district_missing_or_ambiguous,not_in_official_county_list,,,https://www.mca.gov.cn/mzsj/xzqh/2025/202401xzqh.html,
441900117,广东省,东莞市,凤岗镇,district_missing_or_ambiguous,not_in_official_county_list,,,https://www.mca.gov.cn/mzsj/xzqh/2025/202401xzqh.html,
441900118,广东省,东莞市,大岭山镇,district_missing_or_ambiguous,not_in_official_county_list,,,https://www.mca.gov.cn/mzsj/xzqh/2025/202401xzqh.html,
441900119,广东省,东莞市,长安镇,district_missing_or_ambiguous,not_in_official_county_list,,,https://www.mca.gov.cn/mzsj/xzqh/2025/202401xzqh.html,
441900121,广东省,东莞市,虎门镇,district_missing_or_ambiguous,not_in_official_county_list,,,https://www.mca.gov.cn/mzsj/xzqh/2025/202401xzqh.html,
441900122,广东省,东莞市,厚街镇,district_missing_or_ambiguous,not_in_official_county_list,,,https://www.mca.gov.cn/mzsj/xzqh/2025/202401xzqh.html,
441900123,广东省,东莞市,沙田镇,district_missing_or_ambiguous,not_in_official_county_list,,,https://www.mca.gov.cn/mzsj/xzqh/2025/202401xzqh.html,
441900124,广东省,东莞市,道滘镇,district_missing_or_ambiguous,not_in_official_county_list,,,https://www.mca.gov.cn/mzsj/xzqh/2025/202401xzqh.html,
441900125,广东省,东莞市,洪梅镇,district_missing_or_ambiguous,not_in_official_county_list,,,https://www.mca.gov.cn/mzsj/xzqh/2025/202401xzqh.html,
441900126,广东省,东莞市,麻涌镇,district_missing_or_ambiguous,not_in_official_county_list,,,https://www.mca.gov.cn/mzsj/xzqh/2025/202401xzqh.html,
441900127,广东省,东莞市,望牛墩镇,district_missing_or_ambiguous,not_in_official_county_list,,,https://www.mca.gov.cn/mzsj/xzqh/2025/202401xzqh.html,
441900128,广东省,东莞市,中堂镇,district_missing_or_ambiguous,not_in_official_county_list,,,https://www.mca.gov.cn/mzsj/xzqh/2025/202401xzqh.html,
441900129,广东省,东莞市,高埗镇,district_missing_or_ambiguous,not_in_official_county_list,,,https://www.mca.gov.cn/mzsj/xzqh/2025/202401xzqh.html,
441900401,广东省,东莞市,松山湖,district_missing_or_ambiguous,not_in_official_county_list,,,https://www.mca.gov.cn/mzsj/xzqh/2025/202401xzqh.html,
441900402,广东省,东莞市,东莞港,district_missing_or_ambiguous,not_in_official_county_list,,,https://www.mca.gov.cn/mzsj/xzqh/2025/202401xzqh.html,
441900403,广东省,东莞市,东莞生态园,district_missing_or_ambiguous,not_in_official_county_list,,,https://www.mca.gov.cn/mzsj/xzqh/2025/202401xzqh.html,
441900404,广东省,东莞市,东莞滨海湾新区,district_missing_or_ambiguous,not_in_official_county_list,,,https://www.mca.gov.cn/mzsj/xzqh/2025/202401xzqh.html,
442000001,广东省,中山市,石岐街道,district_missing_or_ambiguous,not_in_official_county_list,,,https://www.mca.gov.cn/mzsj/xzqh/2025/202401xzqh.html,
442000002,广东省,中山市,东区街道,district_missing_or_ambiguous,not_in_official_county_list,,,https://www.mca.gov.cn/mzsj/xzqh/2025/202401xzqh.html,
442000003,广东省,中山市,中山港街道,district_missing_or_ambiguous,not_in_official_county_list,,,https://www.mca.gov.cn/mzsj/xzqh/2025/202401xzqh.html,
442000004,广东省,中山市,西区街道,district_missing_or_ambiguous,not_in_official_county_list,,,https://www.mca.gov.cn/mzsj/xzqh/2025/202401xzqh.html,
442000005,广东省,中山市,南区街道,district_missing_or_ambiguous,not_in_official_county_list,,,https://www.mca.gov.cn/mzsj/xzqh/2025/202401xzqh.html,
442000006,广东省,中山市,五桂山街道,district_missing_or_ambiguous,not_in_official_county_list,,,https://www.mca.gov.cn/mzsj/xzqh/2025/202401xzqh.html,
442000007,广东省,中山市,民众街道,district_missing_or_ambiguous,not_in_official_county_list,,,https://www.mca.gov.cn/mzsj/xzqh/2025/202401xzqh.html,
442000008,广东省,中山市,南朗街道,district_missing_or_ambiguous,not_in_official_county_list,,,https://www.mca.gov.cn/mzsj/xzqh/2025/202401xzqh.html,
442000101,广东省,中山市,黄圃镇,district_missing_or_ambiguous,not_in_official_county_list,,,https://www.mca.gov.cn/mzsj/xzqh/2025/202401xzqh.html,
442000103,广东省,中山市,东凤镇,district_missing_or_ambiguous,not_in_official_county_list,,,https://www.mca.gov.cn/mzsj/xzqh/2025/202401xzqh.html,
442000105,广东省,中山市,古镇镇,district_missing_or_ambiguous,not_in_official_county_list,,,https://www.mca.gov.cn/mzsj/xzqh/2025/202401xzqh.html,
442000106,广东省,中山市,沙溪镇,district_missing_or_ambiguous,not_in_official_county_list,,,https://www.mca.gov.cn/mzsj/xzqh/2025/202401xzqh.html,
442000107,广东省,中山市,坦洲镇,district_missing_or_ambiguous,not_in_official_county_list,,,https://www.mca.gov.cn/mzsj/xzqh/2025/202401xzqh.html,
442000108,广东省,中山市,港口镇,district_missing_or_ambiguous,not_in_official_county_list,,,https://www.mca.gov.cn/mzsj/xzqh/2025/202401xzqh.html,
442000109,广东省,中山市,三角镇,district_missing_or_ambiguous,not_in_official_county_list,,,https://www.mca.gov.cn/mzsj/xzqh/2025/202401xzqh.html,
442000110,广东省,中山市,横栏镇,district_missing_or_ambiguous,not_in_official_county_list,,,https://www.mca.gov.cn/mzsj/xzqh/2025/202401xzqh.html,
442000111,广东省,中山市,南头镇,district_missing_or_ambiguous,not_in_official_county_list,,,https://www.mca.gov.cn/mzsj/xzqh/2025/202401xzqh.html,
442000112,广东省,中山市,阜沙镇,district_missing_or_ambiguous,not_in_official_county_list,,,https://www.mca.gov.cn/mzsj/xzqh/2025/202401xzqh.html,
442000114,广东省,中山市,三乡镇,district_missing_or_ambiguous,not_in_official_county_list,,,https://www.mca.gov.cn/mzsj/xzqh/2025/202401xzqh.html,
442000115,广东省,中山市,板芙镇,district_missing_or_ambiguous,not_in_official_county_list,,,https://www.mca.gov.cn/mzsj/xzqh/2025/202401xzqh.html,
442000116,广东省,中山市,大涌镇,district_missing_or_ambiguous,not_in_official_county_list,,,https://www.mca.gov.cn/mzsj/xzqh/2025/202401xzqh.html,
442000117,广东省,中山市,神湾镇,district_missing_or_ambiguous,not_in_official_county_list,,,https://www.mca.gov.cn/mzsj/xzqh/2025/202401xzqh.html,
442000118,广东省,中山市,小榄镇,district_missing_or_ambiguous,not_in_official_county_list,,,https://www.mca.gov.cn/mzsj/xzqh/2025/202401xzqh.html,
450181,广西壮族自治区,南宁市,横州市,district_missing_or_ambiguous,geometry_candidate,official_identity_match,exact_code_and_source_name,https://www.mca.gov.cn/mzsj/xzqh/2025/202401xzqh.html,r2775762
450332,广西壮族自治区,桂林市,恭城瑶族自治县,code_name_conflict,geometry_candidate,official_identity_match,exact_code_and_source_name,https://www.mca.gov.cn/mzsj/xzqh/2025/202401xzqh.html,r2773814
451003,广西壮族自治区,百色市,田阳区,district_missing_or_ambiguous,geometry_candidate,official_identity_match,exact_code_and_source_name,https://www.mca.gov.cn/mzsj/xzqh/2025/202401xzqh.html,r2773983
451082,广西壮族自治区,百色市,平果市,district_missing_or_ambiguous,geometry_candidate,official_identity_match,exact_code_and_source_name,https://www.mca.gov.cn/mzsj/xzqh/2025/202401xzqh.html,r2773980
451203,广西壮族自治区,河池市,宜州区,district_missing_or_ambiguous,geometry_candidate,official_identity_match,exact_code_and_source_name,https://www.mca.gov.cn/mzsj/xzqh/2025/202401xzqh.html,r2774388
460321,海南省,三沙市,西沙群岛,district_missing_or_ambiguous,not_in_official_county_list,,,https://www.mca.gov.cn/mzsj/xzqh/2025/202401xzqh.html,
460322,海南省,三沙市,南沙群岛,district_missing_or_ambiguous,not_in_official_county_list,,,https://www.mca.gov.cn/mzsj/xzqh/2025/202401xzqh.html,
460400100,海南省,儋州市,那大镇,city_geometry_unavailable,not_in_official_county_list,,,https://www.mca.gov.cn/mzsj/xzqh/2025/202401xzqh.html,
460400101,海南省,儋州市,和庆镇,city_geometry_unavailable,not_in_official_county_list,,,https://www.mca.gov.cn/mzsj/xzqh/2025/202401xzqh.html,
460400102,海南省,儋州市,南丰镇,city_geometry_unavailable,not_in_official_county_list,,,https://www.mca.gov.cn/mzsj/xzqh/2025/202401xzqh.html,
460400103,海南省,儋州市,大成镇,city_geometry_unavailable,not_in_official_county_list,,,https://www.mca.gov.cn/mzsj/xzqh/2025/202401xzqh.html,
460400104,海南省,儋州市,雅星镇,city_geometry_unavailable,not_in_official_county_list,,,https://www.mca.gov.cn/mzsj/xzqh/2025/202401xzqh.html,
460400105,海南省,儋州市,兰洋镇,city_geometry_unavailable,not_in_official_county_list,,,https://www.mca.gov.cn/mzsj/xzqh/2025/202401xzqh.html,
460400106,海南省,儋州市,光村镇,city_geometry_unavailable,not_in_official_county_list,,,https://www.mca.gov.cn/mzsj/xzqh/2025/202401xzqh.html,
460400107,海南省,儋州市,木棠镇,city_geometry_unavailable,not_in_official_county_list,,,https://www.mca.gov.cn/mzsj/xzqh/2025/202401xzqh.html,
460400108,海南省,儋州市,海头镇,city_geometry_unavailable,not_in_official_county_list,,,https://www.mca.gov.cn/mzsj/xzqh/2025/202401xzqh.html,
460400109,海南省,儋州市,峨蔓镇,city_geometry_unavailable,not_in_official_county_list,,,https://www.mca.gov.cn/mzsj/xzqh/2025/202401xzqh.html,
460400111,海南省,儋州市,王五镇,city_geometry_unavailable,not_in_official_county_list,,,https://www.mca.gov.cn/mzsj/xzqh/2025/202401xzqh.html,
460400112,海南省,儋州市,白马井镇,city_geometry_unavailable,not_in_official_county_list,,,https://www.mca.gov.cn/mzsj/xzqh/2025/202401xzqh.html,
460400113,海南省,儋州市,中和镇,city_geometry_unavailable,not_in_official_county_list,,,https://www.mca.gov.cn/mzsj/xzqh/2025/202401xzqh.html,
460400114,海南省,儋州市,排浦镇,city_geometry_unavailable,not_in_official_county_list,,,https://www.mca.gov.cn/mzsj/xzqh/2025/202401xzqh.html,
460400115,海南省,儋州市,东成镇,city_geometry_unavailable,not_in_official_county_list,,,https://www.mca.gov.cn/mzsj/xzqh/2025/202401xzqh.html,
460400116,海南省,儋州市,新州镇,city_geometry_unavailable,not_in_official_county_list,,,https://www.mca.gov.cn/mzsj/xzqh/2025/202401xzqh.html,
460400499,海南省,儋州市,洋浦经济开发区,city_geometry_unavailable,not_in_official_county_list,,,https://www.mca.gov.cn/mzsj/xzqh/2025/202401xzqh.html,
460400500,海南省,儋州市,华南热作学院,city_geometry_unavailable,not_in_official_county_list,,,https://www.mca.gov.cn/mzsj/xzqh/2025/202401xzqh.html,
469001,海南省,省直辖县级行政区划,五指山市,city_geometry_unavailable,geometry_candidate,official_identity_match,exact_code_and_source_name,https://www.mca.gov.cn/mzsj/xzqh/2025/202401xzqh.html,r2784622
469002,海南省,省直辖县级行政区划,琼海市,city_geometry_unavailable,geometry_candidate,official_identity_match,unique_name_and_parent_geometry,https://www.mca.gov.cn/mzsj/xzqh/2025/202401xzqh.html,r2784617
469005,海南省,省直辖县级行政区划,文昌市,city_geometry_unavailable,geometry_candidate,official_identity_match,exact_code_and_source_name,https://www.mca.gov.cn/mzsj/xzqh/2025/202401xzqh.html,r2784621
469006,海南省,省直辖县级行政区划,万宁市,city_geometry_unavailable,geometry_candidate,official_identity_match,exact_code_and_source_name,https://www.mca.gov.cn/mzsj/xzqh/2025/202401xzqh.html,r2784620
469007,海南省,省直辖县级行政区划,东方市,city_geometry_unavailable,geometry_candidate,official_identity_match,exact_code_and_source_name,https://www.mca.gov.cn/mzsj/xzqh/2025/202401xzqh.html,r2784612
469021,海南省,省直辖县级行政区划,定安县,city_geometry_unavailable,geometry_candidate,official_identity_match,unique_name_and_parent_geometry,https://www.mca.gov.cn/mzsj/xzqh/2025/202401xzqh.html,r2784611
469022,海南省,省直辖县级行政区划,屯昌县,city_geometry_unavailable,geometry_candidate,official_identity_match,exact_code_and_source_name,https://www.mca.gov.cn/mzsj/xzqh/2025/202401xzqh.html,r2784619
469023,海南省,省直辖县级行政区划,澄迈县,city_geometry_unavailable,geometry_candidate,official_identity_match,exact_code_and_source_name,https://www.mca.gov.cn/mzsj/xzqh/2025/202401xzqh.html,r2784609
469024,海南省,省直辖县级行政区划,临高县,city_geometry_unavailable,geometry_candidate,official_identity_match,unique_name_and_parent_geometry,https://www.mca.gov.cn/mzsj/xzqh/2025/202401xzqh.html,r2784615
469025,海南省,省直辖县级行政区划,白沙黎族自治县,city_geometry_unavailable,geometry_candidate,official_identity_match,exact_code_and_source_name,https://www.mca.gov.cn/mzsj/xzqh/2025/202401xzqh.html,r2784606
469026,海南省,省直辖县级行政区划,昌江黎族自治县,city_geometry_unavailable,geometry_candidate,official_identity_match,unique_name_and_parent_geometry,https://www.mca.gov.cn/mzsj/xzqh/2025/202401xzqh.html,r2784608
469027,海南省,省直辖县级行政区划,乐东黎族自治县,city_geometry_unavailable,geometry_candidate,official_identity_match,unique_name_and_parent_geometry,https://www.mca.gov.cn/mzsj/xzqh/2025/202401xzqh.html,r2784614
469028,海南省,省直辖县级行政区划,陵水黎族自治县,city_geometry_unavailable,geometry_candidate,official_identity_match,exact_code_and_source_name,https://www.mca.gov.cn/mzsj/xzqh/2025/202401xzqh.html,r2784616
469029,海南省,省直辖县级行政区划,保亭黎族苗族自治县,city_geometry_unavailable,geometry_candidate,official_identity_match,exact_code_and_source_name,https://www.mca.gov.cn/mzsj/xzqh/2025/202401xzqh.html,r2784607
469030,海南省,省直辖县级行政区划,琼中黎族苗族自治县,city_geometry_unavailable,geometry_candidate,official_identity_match,exact_code_and_source_name,https://www.mca.gov.cn/mzsj/xzqh/2025/202401xzqh.html,r2784618
500105,重庆市,重庆市,江北区,district_missing_or_ambiguous,retired_official_division,,,https://mzj.cq.gov.cn/zwgk_218/zfxxgkml/tzgg/202512/t20251205_15215632.html,
500112,重庆市,重庆市,渝北区,district_missing_or_ambiguous,retired_official_division,,,https://mzj.cq.gov.cn/zwgk_218/zfxxgkml/tzgg/202512/t20251205_15215632.html,
500120,重庆市,重庆市,璧山区,district_missing_or_ambiguous,geometry_candidate,official_identity_match,exact_code_and_source_name,https://www.mca.gov.cn/mzsj/xzqh/2025/202401xzqh.html,r2693396
500151,重庆市,重庆市,铜梁区,district_missing_or_ambiguous,geometry_candidate,official_identity_match,exact_code_and_source_name,https://www.mca.gov.cn/mzsj/xzqh/2025/202401xzqh.html,r2693403
500152,重庆市,重庆市,潼南区,district_missing_or_ambiguous,geometry_candidate,official_identity_match,exact_code_and_source_name,https://www.mca.gov.cn/mzsj/xzqh/2025/202401xzqh.html,r2194821
500153,重庆市,重庆市,荣昌区,district_missing_or_ambiguous,geometry_candidate,official_identity_match,exact_code_and_source_name,https://www.mca.gov.cn/mzsj/xzqh/2025/202401xzqh.html,r2693402
510117,四川省,成都市,郫都区,district_missing_or_ambiguous,geometry_candidate,official_identity_match,exact_code_and_source_name,https://www.mca.gov.cn/mzsj/xzqh/2025/202401xzqh.html,r3581605
510118,四川省,成都市,新津区,district_missing_or_ambiguous,geometry_candidate,official_identity_match,exact_code_and_source_name,https://www.mca.gov.cn/mzsj/xzqh/2025/202401xzqh.html,r2791692
511504,四川省,宜宾市,叙州区,district_missing_or_ambiguous,geometry_candidate,official_identity_match,exact_code_and_source_name,https://www.mca.gov.cn/mzsj/xzqh/2025/202401xzqh.html,r2791228
520203,贵州省,六盘水市,六枝特区,code_name_conflict,geometry_candidate,official_identity_match,exact_code_and_source_name,https://www.mca.gov.cn/mzsj/xzqh/2025/202401xzqh.html,r2780187
520204,贵州省,六盘水市,水城区,district_missing_or_ambiguous,geometry_candidate,official_identity_match,exact_code_and_source_name,https://www.mca.gov.cn/mzsj/xzqh/2025/202401xzqh.html,r2780189
520281,贵州省,六盘水市,盘州市,district_missing_or_ambiguous,geometry_candidate,official_identity_match,exact_code_and_source_name,https://www.mca.gov.cn/mzsj/xzqh/2025/202401xzqh.html,r2780188
520422,贵州省,安顺市,普定县,district_missing_or_ambiguous,geometry_candidate,official_identity_match,exact_code_and_source_name,https://www.mca.gov.cn/mzsj/xzqh/2025/202401xzqh.html,r2782275
520581,贵州省,毕节市,黔西市,district_missing_or_ambiguous,geometry_candidate,official_identity_match,exact_code_and_source_name,https://www.mca.gov.cn/mzsj/xzqh/2025/202401xzqh.html,r2780070
520623,贵州省,铜仁市,石阡县,district_missing_or_ambiguous,geometry_candidate,official_identity_match,exact_code_and_source_name,https://www.mca.gov.cn/mzsj/xzqh/2025/202401xzqh.html,r2778216
520624,贵州省,铜仁市,思南县,district_missing_or_ambiguous,geometry_candidate,official_identity_match,exact_code_and_source_name,https://www.mca.gov.cn/mzsj/xzqh/2025/202401xzqh.html,r2778217
520626,贵州省,铜仁市,德江县,district_missing_or_ambiguous,geometry_candidate,official_identity_match,exact_code_and_source_name,https://www.mca.gov.cn/mzsj/xzqh/2025/202401xzqh.html,r2778214
520627,贵州省,铜仁市,沿河土家族自治县,district_missing_or_ambiguous,geometry_candidate,official_identity_match,exact_code_and_source_name,https://www.mca.gov.cn/mzsj/xzqh/2025/202401xzqh.html,r2778220
522302,贵州省,黔西南布依族苗族自治州,兴仁市,district_missing_or_ambiguous,geometry_candidate,official_identity_match,exact_code_and_source_name,https://www.mca.gov.cn/mzsj/xzqh/2025/202401xzqh.html,r2781288
530115,云南省,昆明市,晋宁区,district_missing_or_ambiguous,geometry_candidate,official_identity_match,exact_code_and_source_name,https://www.mca.gov.cn/mzsj/xzqh/2025/202401xzqh.html,r2723829
530302,云南省,曲靖市,麒麟区,code_name_conflict,geometry_candidate,official_identity_match,exact_code_and_source_name,https://www.mca.gov.cn/mzsj/xzqh/2025/202401xzqh.html,r2718629
530303,云南省,曲靖市,沾益区,district_missing_or_ambiguous,geometry_candidate,official_identity_match,exact_code_and_source_name,https://www.mca.gov.cn/mzsj/xzqh/2025/202401xzqh.html,r2718632
530304,云南省,曲靖市,马龙区,district_missing_or_ambiguous,geometry_candidate,official_identity_match,exact_code_and_source_name,https://www.mca.gov.cn/mzsj/xzqh/2025/202401xzqh.html,r2718628
530323,云南省,曲靖市,师宗县,district_missing_or_ambiguous,geometry_candidate,official_identity_match,exact_code_and_source_name,https://www.mca.gov.cn/mzsj/xzqh/2025/202401xzqh.html,r2718630
530481,云南省,玉溪市,澄江市,district_missing_or_ambiguous,geometry_candidate,official_identity_match,exact_code_and_source_name,https://www.mca.gov.cn/mzsj/xzqh/2025/202401xzqh.html,r2723531
530581,云南省,保山市,腾冲市,district_missing_or_ambiguous,geometry_candidate,official_identity_match,exact_code_and_source_name,https://www.mca.gov.cn/mzsj/xzqh/2025/202401xzqh.html,r2727145
530624,云南省,昭通市,大关县,code_name_conflict,geometry_candidate,official_identity_match,exact_code_and_source_name,https://www.mca.gov.cn/mzsj/xzqh/2025/202401xzqh.html,r2402020
530625,云南省,昭通市,永善县,district_missing_or_ambiguous,geometry_candidate,official_identity_match,exact_code_and_source_name,https://www.mca.gov.cn/mzsj/xzqh/2025/202401xzqh.html,r2402060
532302,云南省,楚雄彝族自治州,禄丰市,district_missing_or_ambiguous,geometry_candidate,official_identity_match,exact_code_and_source_name,https://www.mca.gov.cn/mzsj/xzqh/2025/202401xzqh.html,r2727334
533324,云南省,怒江傈僳族自治州,贡山独龙族怒族自治县,district_missing_or_ambiguous,geometry_candidate,official_identity_match,exact_code_and_source_name,https://www.mca.gov.cn/mzsj/xzqh/2025/202401xzqh.html,r2729765
533325,云南省,怒江傈僳族自治州,兰坪白族普米族自治县,district_missing_or_ambiguous,geometry_candidate,official_identity_match,unique_name_and_parent_geometry,https://www.mca.gov.cn/mzsj/xzqh/2025/202401xzqh.html,r2729766
533401,云南省,迪庆藏族自治州,香格里拉市,district_missing_or_ambiguous,geometry_candidate,official_identity_match,exact_code_and_source_name,https://www.mca.gov.cn/mzsj/xzqh/2025/202401xzqh.html,r2729693
540104,西藏自治区,拉萨市,达孜区,district_missing_or_ambiguous,geometry_candidate,official_identity_match,exact_code_and_source_name,https://www.mca.gov.cn/mzsj/xzqh/2025/202401xzqh.html,r2745213
540171,西藏自治区,拉萨市,格尔木藏青工业园区,district_missing_or_ambiguous,not_in_official_county_list,,,https://www.mca.gov.cn/mzsj/xzqh/2025/202401xzqh.html,
540172,西藏自治区,拉萨市,拉萨经济技术开发区,district_missing_or_ambiguous,not_in_official_county_list,,,https://www.mca.gov.cn/mzsj/xzqh/2025/202401xzqh.html,
540173,西藏自治区,拉萨市,西藏文化旅游创意园区,district_missing_or_ambiguous,not_in_official_county_list,,,https://www.mca.gov.cn/mzsj/xzqh/2025/202401xzqh.html,
540174,西藏自治区,拉萨市,达孜工业园区,district_missing_or_ambiguous,not_in_official_county_list,,,https://www.mca.gov.cn/mzsj/xzqh/2025/202401xzqh.html,
610305,陕西省,宝鸡市,凤翔区,district_missing_or_ambiguous,geometry_candidate,official_identity_match,exact_code_and_source_name,https://www.mca.gov.cn/mzsj/xzqh/2025/202401xzqh.html,r3048910
610330,陕西省,宝鸡市,凤县,district_missing_or_ambiguous,geometry_candidate,official_identity_match,exact_code_and_source_name,https://www.mca.gov.cn/mzsj/xzqh/2025/202401xzqh.html,r3048909
610482,陕西省,咸阳市,彬州市,district_missing_or_ambiguous,geometry_candidate,official_identity_match,exact_code_and_source_name,https://www.mca.gov.cn/mzsj/xzqh/2025/202401xzqh.html,r3221006
610703,陕西省,汉中市,南郑区,district_missing_or_ambiguous,geometry_candidate,official_identity_match,exact_code_and_source_name,https://www.mca.gov.cn/mzsj/xzqh/2025/202401xzqh.html,r2967711
610803,陕西省,榆林市,横山区,district_missing_or_ambiguous,geometry_candidate,official_identity_match,exact_code_and_source_name,https://www.mca.gov.cn/mzsj/xzqh/2025/202401xzqh.html,r3016344
610881,陕西省,榆林市,神木市,district_missing_or_ambiguous,geometry_candidate,official_identity_match,exact_code_and_source_name,https://www.mca.gov.cn/mzsj/xzqh/2025/202401xzqh.html,r3016349
620171,甘肃省,兰州市,兰州新区,district_missing_or_ambiguous,not_in_official_county_list,,,https://www.mca.gov.cn/mzsj/xzqh/2025/202401xzqh.html,
620201001,甘肃省,嘉峪关市,雄关街道,district_missing_or_ambiguous,not_in_official_county_list,,,https://www.mca.gov.cn/mzsj/xzqh/2025/202401xzqh.html,
620201002,甘肃省,嘉峪关市,钢城街道,district_missing_or_ambiguous,not_in_official_county_list,,,https://www.mca.gov.cn/mzsj/xzqh/2025/202401xzqh.html,
620201100,甘肃省,嘉峪关市,新城镇,district_missing_or_ambiguous,not_in_official_county_list,,,https://www.mca.gov.cn/mzsj/xzqh/2025/202401xzqh.html,
620201101,甘肃省,嘉峪关市,峪泉镇,district_missing_or_ambiguous,not_in_official_county_list,,,https://www.mca.gov.cn/mzsj/xzqh/2025/202401xzqh.html,
620201102,甘肃省,嘉峪关市,文殊镇,district_missing_or_ambiguous,not_in_official_county_list,,,https://www.mca.gov.cn/mzsj/xzqh/2025/202401xzqh.html,
630106,青海省,西宁市,湟中区,district_missing_or_ambiguous,geometry_candidate,official_identity_match,exact_code_and_source_name,https://www.mca.gov.cn/mzsj/xzqh/2025/202401xzqh.html,r4480259
650402,新疆维吾尔自治区,吐鲁番市,高昌区,city_geometry_unavailable,geometry_candidate,official_identity_match,exact_code_and_source_name,https://www.mca.gov.cn/mzsj/xzqh/2025/202401xzqh.html,r2747196
650421,新疆维吾尔自治区,吐鲁番市,鄯善县,city_geometry_unavailable,geometry_candidate,official_identity_match,exact_code_and_source_name,https://www.mca.gov.cn/mzsj/xzqh/2025/202401xzqh.html,r2747194
650422,新疆维吾尔自治区,吐鲁番市,托克逊县,city_geometry_unavailable,geometry_candidate,official_identity_match,exact_code_and_source_name,https://www.mca.gov.cn/mzsj/xzqh/2025/202401xzqh.html,r2747195
650521,新疆维吾尔自治区,哈密市,巴里坤哈萨克自治县,district_missing_or_ambiguous,geometry_candidate,official_identity_match,exact_code_and_source_name,https://www.mca.gov.cn/mzsj/xzqh/2025/202401xzqh.html,r2747164
650522,新疆维吾尔自治区,哈密市,伊吾县,district_missing_or_ambiguous,geometry_candidate,official_identity_match,exact_code_and_source_name,https://www.mca.gov.cn/mzsj/xzqh/2025/202401xzqh.html,r2747166
652902,新疆维吾尔自治区,阿克苏地区,库车市,district_missing_or_ambiguous,geometry_candidate,official_identity_match,exact_code_and_source_name,https://www.mca.gov.cn/mzsj/xzqh/2025/202401xzqh.html,r2748932
659001,新疆维吾尔自治区,自治区直辖县级行政区划,石河子市,city_geometry_unavailable,geometry_candidate,official_identity_match,exact_code_and_source_name,https://www.mca.gov.cn/mzsj/xzqh/2025/202401xzqh.html,r3431881
659002,新疆维吾尔自治区,自治区直辖县级行政区划,阿拉尔市,city_geometry_unavailable,geometry_candidate,official_identity_match,exact_code_and_source_name,https://www.mca.gov.cn/mzsj/xzqh/2025/202401xzqh.html,r2748887
659003,新疆维吾尔自治区,自治区直辖县级行政区划,图木舒克市,city_geometry_unavailable,geometry_candidate,official_identity_match,exact_code_and_source_name,https://www.mca.gov.cn/mzsj/xzqh/2025/202401xzqh.html,r2748778
659004,新疆维吾尔自治区,自治区直辖县级行政区划,五家渠市,city_geometry_unavailable,geometry_candidate,official_identity_match,exact_code_and_source_name,https://www.mca.gov.cn/mzsj/xzqh/2025/202401xzqh.html,r2752471
659005,新疆维吾尔自治区,自治区直辖县级行政区划,北屯市,city_geometry_unavailable,geometry_candidate,official_identity_match,exact_code_and_source_name,https://www.mca.gov.cn/mzsj/xzqh/2025/202401xzqh.html,r9077256
659006,新疆维吾尔自治区,自治区直辖县级行政区划,铁门关市,city_geometry_unavailable,geometry_candidate,official_identity_match,exact_code_and_source_name,https://www.mca.gov.cn/mzsj/xzqh/2025/202401xzqh.html,r7002046
659007,新疆维吾尔自治区,自治区直辖县级行政区划,双河市,city_geometry_unavailable,geometry_candidate,official_identity_match,exact_code_and_source_name,https://www.mca.gov.cn/mzsj/xzqh/2025/202401xzqh.html,r9068337
659008,新疆维吾尔自治区,自治区直辖县级行政区划,可克达拉市,city_geometry_unavailable,geometry_candidate,official_identity_match,unique_name_and_parent_geometry,https://www.mca.gov.cn/mzsj/xzqh/2025/202401xzqh.html,r20281769
659009,新疆维吾尔自治区,自治区直辖县级行政区划,昆玉市,city_geometry_unavailable,geometry_candidate,official_identity_match,exact_code_and_source_name,https://www.mca.gov.cn/mzsj/xzqh/2025/202401xzqh.html,r9051185
659010,新疆维吾尔自治区,自治区直辖县级行政区划,胡杨河市,city_geometry_unavailable,geometry_candidate,official_identity_match,unique_name_and_parent_geometry,https://www.mca.gov.cn/mzsj/xzqh/2025/202401xzqh.html,r11033793
659011,新疆维吾尔自治区,自治区直辖县级行政区划,新星市,city_geometry_unavailable,geometry_candidate,official_identity_match,unique_name_and_parent_geometry,https://www.mca.gov.cn/mzsj/xzqh/2025/202401xzqh.html,r12279740
659012,新疆维吾尔自治区,自治区直辖县级行政区划,白杨市,city_geometry_unavailable,geometry_candidate,official_identity_match,exact_code_and_source_name,https://www.mca.gov.cn/mzsj/xzqh/2025/202401xzqh.html,r15340171
